{
    "1": {
        "K": [
            [
                376.36027733,
                0.0,
                227.549184
            ],
            [
                0.0,
                370.67741867,
                235.11790933
            ],
            [
                0.0,
                0.0,
                1.0
            ]
        ],
        "R": [
            [
                -0.17821012,
                0.98189756,
                -0.0641743
            ],
            [
                0.26418926,
                -0.01507844,
                -0.96435298
            ],
            [
                -0.94786349,
                -0.18881162,
                -0.25671966
            ]
        ],
        "T": [
            [
                0.051
            ],
            [
                0.861
            ],
            [
                2.503
            ]
        ],
        "D": [
            [
                0
            ],
            [
                0
            ],
            [
                0
            ],
            [
                0
            ],
            [
                0
            ]
        ],
        "imgSize": [
            512,
            512
        ],
        "rectifyAlpha": 0.0
    },
    "2": {
        "K": [
            [
                376.36027733,
                0.0,
                227.549184
            ],
            [
                0.0,
                370.67741867,
                235.11790933
            ],
            [
                0.0,
                0.0,
                1.0
            ]
        ],
        "R": [
            [
                0.997153849,
                0.0683344767,
                -0.0318527825
            ],
            [
                -0.00202790239,
                -0.398023788,
                -0.917372853
            ],
            [
                -0.0753663590,
                0.914826466,
                -0.396752376
            ]
        ],
        "T": [
            [
                -0.361
            ],
            [
                0.644
            ],
            [
                2.243
            ]
        ],
        "D": [
            [
                0
            ],
            [
                0
            ],
            [
                0
            ],
            [
                0
            ],
            [
                0
            ]
        ],
        "imgSize": [
            512,
            512
        ],
        "rectifyAlpha": 0.0
    },
    "3": {
        "K": [
            [
                376.36027733,
                0.0,
                227.549184
            ],
            [
                0.0,
                370.67741867,
                235.11790933
            ],
            [
                0.0,
                0.0,
                1.0
            ]
        ],
        "R": [
            [
                -0.30555449,
                -0.95211332,
                0.01080134
            ],
            [
                -0.30388224,
                0.08675942,
                -0.94875096
            ],
            [
                0.90238131,
                -0.29317745,
                -0.31584006
            ]
        ],
        "T": [
            [
                0.303
            ],
            [
                0.765
            ],
            [
                2.307
            ]
        ],
        "D": [
            [
                0
            ],
            [
                0
            ],
            [
                0
            ],
            [
                0
            ],
            [
                0
            ]
        ],
        "imgSize": [
            512,
            512
        ],
        "rectifyAlpha": 0.0
    },
    "4": {
        "K": [
            [
                376.36027733,
                0.0,
                227.549184
            ],
            [
                0.0,
                370.67741867,
                235.11790933
            ],
            [
                0.0,
                0.0,
                1.0
            ]
        ],
        "R": [
            [
                -0.96132326,
                -0.27250608,
                -0.03997525
            ],
            [
                -0.04004694,
                0.28189709,
                -0.95860851
            ],
            [
                0.27249555,
                -0.91993177,
                -0.28190726
            ]
        ],
        "T": [
            [
                0.519
            ],
            [
                0.754
            ],
            [
                2.382
            ]
        ],
        "D": [
            [
                0
            ],
            [
                0
            ],
            [
                0
            ],
            [
                0
            ],
            [
                0
            ]
        ],
        "imgSize": [
            512,
            512
        ],
        "rectifyAlpha": 0.0
    },
    "6": {
        "K": [
            [
                376.36027733,
                0.0,
                227.549184
            ],
            [
                0.0,
                370.67741867,
                235.11790933
            ],
            [
                0.0,
                0.0,
                1.0
            ]
        ],
        "R": [
            [
                0.49199488,
                0.87018488,
                -0.02682004
            ],
            [
                0.30048665,
                -0.1986446,
                -0.93287089
            ],
            [
                -0.81709779,
                0.45090864,
                -0.35921107
            ]
        ],
        "T": [
            [
                -0.108
            ],
            [
                0.635
            ],
            [
                2.425
            ]
        ],
        "D": [
            [
                0
            ],
            [
                0
            ],
            [
                0
            ],
            [
                0
            ],
            [
                0
            ]
        ],
        "imgSize": [
            512,
            512
        ],
        "rectifyAlpha": 0.0
    },
    "5": {
        "K": [
            [
                376.36027733,
                0.0,
                227.549184
            ],
            [
                0.0,
                370.67741867,
                235.11790933
            ],
            [
                0.0,
                0.0,
                1.0
            ]
        ],
        "R": [
            [
                0.78131729,
                -0.62399074,
                -0.01337326
            ],
            [
                -0.25426294,
                -0.29865572,
                -0.9198669
            ],
            [
                0.56999443,
                0.72210824,
                -0.3920026
            ]
        ],
        "T": [
            [
                -0.063
            ],
            [
                0.695
            ],
            [
                2.071
            ]
        ],
        "D": [
            [
                0
            ],
            [
                0
            ],
            [
                0
            ],
            [
                0
            ],
            [
                0
            ]
        ],
        "imgSize": [
            512,
            512
        ],
        "rectifyAlpha": 0.0
    },
    "7": {
        "K": [
            [
                376.36027733,
                0.0,
                227.549184
            ],
            [
                0.0,
                370.67741867,
                235.11790933
            ],
            [
                0.0,
                0.0,
                1.0
            ]
        ],